number,name,status
250,"Normative PEP with a new feature for Python, implementation change for CPython or interoperability standard for the ecosystem",Final
455,"Normative PEP with a new feature for Python, implementation change for CPython or interoperability standard for the ecosystem",Rejected
384,"Normative PEP with a new feature for Python, implementation change for CPython or interoperability standard for the ecosystem",Final
297,"Normative PEP with a new feature for Python, implementation change for CPython or interoperability standard for the ecosystem",Rejected
474,"Normative PEP describing or proposing a change to a Python community process, workflow or governance",Withdrawn
492,"Normative PEP with a new feature for Python, implementation change for CPython or interoperability standard for the ecosystem",Final
712,"Normative PEP with a new feature for Python, implementation change for CPython or interoperability standard for the ecosystem",Draft
485,"Normative PEP with a new feature for Python, implementation change for CPython or interoperability standard for the ecosystem",Final
269,"Normative PEP with a new feature for Python, implementation change for CPython or interoperability standard for the ecosystem",Deferred
3136,"Normative PEP with a new feature for Python, implementation change for CPython or interoperability standard for the ecosystem",Rejected
3155,"Normative PEP with a new feature for Python, implementation change for CPython or interoperability standard for the ecosystem",Final
293,"Normative PEP with a new feature for Python, implementation change for CPython or interoperability standard for the ecosystem",Final
223,"Normative PEP with a new feature for Python, implementation change for CPython or interoperability standard for the ecosystem",Final
3110,"Normative PEP with a new feature for Python, implementation change for CPython or interoperability standard for the ecosystem",Final
547,"Normative PEP with a new feature for Python, implementation change for CPython or interoperability standard for the ecosystem",Deferred
229,"Normative PEP with a new feature for Python, implementation change for CPython or interoperability standard for the ecosystem",Final
550,"Normative PEP with a new feature for Python, implementation change for CPython or interoperability standard for the ecosystem",Withdrawn
395,"Normative PEP with a new feature for Python, implementation change for CPython or interoperability standard for the ecosystem",Withdrawn
3133,"Normative PEP with a new feature for Python, implementation change for CPython or interoperability standard for the ecosystem",Rejected
705,"Normative PEP with a new feature for Python, implementation change for CPython or interoperability standard for the ecosystem",Draft
255,"Normative PEP with a new feature for Python, implementation change for CPython or interoperability standard for the ecosystem",Final
523,"Normative PEP with a new feature for Python, implementation change for CPython or interoperability standard for the ecosystem",Final
364,"Normative PEP with a new feature for Python, implementation change for CPython or interoperability standard for the ecosystem",Withdrawn
534,"Normative PEP with a new feature for Python, implementation change for CPython or interoperability standard for the ecosystem",Deferred
102,"Non-normative PEP containing background, guidelines or other information relevant to the Python ecosystem",Superseded
520,"Normative PEP with a new feature for Python, implementation change for CPython or interoperability standard for the ecosystem",Final
238,"Normative PEP with a new feature for Python, implementation change for CPython or interoperability standard for the ecosystem",Final
513,"Non-normative PEP containing background, guidelines or other information relevant to the Python ecosystem",Superseded
502,"Non-normative PEP containing background, guidelines or other information relevant to the Python ecosystem",Rejected
436,"Normative PEP with a new feature for Python, implementation change for CPython or interoperability standard for the ecosystem",Final
650,"Normative PEP with a new feature for Python, implementation change for CPython or interoperability standard for the ecosystem",Withdrawn
3100,"Normative PEP describing or proposing a change to a Python community process, workflow or governance",Final
429,"Non-normative PEP containing background, guidelines or other information relevant to the Python ecosystem",Final
633,"Normative PEP with a new feature for Python, implementation change for CPython or interoperability standard for the ecosystem",Rejected
503,"Normative PEP with a new feature for Python, implementation change for CPython or interoperability standard for the ecosystem",Final
447,"Normative PEP with a new feature for Python, implementation change for CPython or interoperability standard for the ecosystem",Deferred
215,"Normative PEP with a new feature for Python, implementation change for CPython or interoperability standard for the ecosystem",Superseded
349,"Normative PEP with a new feature for Python, implementation change for CPython or interoperability standard for the ecosystem",Rejected
568,"Normative PEP with a new feature for Python, implementation change for CPython or interoperability standard for the ecosystem",Deferred
540,"Normative PEP with a new feature for Python, implementation change for CPython or interoperability standard for the ecosystem",Final
615,"Normative PEP with a new feature for Python, implementation change for CPython or interoperability standard for the ecosystem",Accepted
642,"Normative PEP with a new feature for Python, implementation change for CPython or interoperability standard for the ecosystem",Rejected
383,"Normative PEP with a new feature for Python, implementation change for CPython or interoperability standard for the ecosystem",Final
294,"Normative PEP with a new feature for Python, implementation change for CPython or interoperability standard for the ecosystem",Rejected
399,"Non-normative PEP containing background, guidelines or other information relevant to the Python ecosystem",Final
3139,"Normative PEP with a new feature for Python, implementation change for CPython or interoperability standard for the ecosystem",Rejected
464,"Normative PEP describing or proposing a change to a Python community process, workflow or governance",Final
271,"Normative PEP with a new feature for Python, implementation change for CPython or interoperability standard for the ecosystem",Rejected
486,"Normative PEP with a new feature for Python, implementation change for CPython or interoperability standard for the ecosystem",Final
471,"Normative PEP with a new feature for Python, implementation change for CPython or interoperability standard for the ecosystem",Final
733,"Non-normative PEP containing background, guidelines or other information relevant to the Python ecosystem",Draft
708,"Normative PEP with a new feature for Python, implementation change for CPython or interoperability standard for the ecosystem",Provisional
707,"Normative PEP with a new feature for Python, implementation change for CPython or interoperability standard for the ecosystem",Rejected
257,"Non-normative PEP containing background, guidelines or other information relevant to the Python ecosystem",Active
431,"Normative PEP with a new feature for Python, implementation change for CPython or interoperability standard for the ecosystem",Superseded
347,"Normative PEP describing or proposing a change to a Python community process, workflow or governance",Final
260,"Normative PEP with a new feature for Python, implementation change for CPython or interoperability standard for the ecosystem",Final
208,"Normative PEP with a new feature for Python, implementation change for CPython or interoperability standard for the ecosystem",Final
3116,"Normative PEP with a new feature for Python, implementation change for CPython or interoperability standard for the ecosystem",Final
3002,"Normative PEP describing or proposing a change to a Python community process, workflow or governance",Final
432,"Normative PEP with a new feature for Python, implementation change for CPython or interoperability standard for the ecosystem",Withdrawn
385,"Normative PEP describing or proposing a change to a Python community process, workflow or governance",Final
460,"Normative PEP with a new feature for Python, implementation change for CPython or interoperability standard for the ecosystem",Withdrawn
299,"Normative PEP with a new feature for Python, implementation change for CPython or interoperability standard for the ecosystem",Rejected
336,"Normative PEP with a new feature for Python, implementation change for CPython or interoperability standard for the ecosystem",Rejected
439,"Normative PEP with a new feature for Python, implementation change for CPython or interoperability standard for the ecosystem",Rejected
493,"Normative PEP with a new feature for Python, implementation change for CPython or interoperability standard for the ecosystem",Final
680,"Normative PEP with a new feature for Python, implementation change for CPython or interoperability standard for the ecosystem",Final
610,"Normative PEP with a new feature for Python, implementation change for CPython or interoperability standard for the ecosystem",Final
622,"Normative PEP with a new feature for Python, implementation change for CPython or interoperability standard for the ecosystem",Superseded
556,"Normative PEP with a new feature for Python, implementation change for CPython or interoperability standard for the ecosystem",Deferred
282,"Normative PEP with a new feature for Python, implementation change for CPython or interoperability standard for the ecosystem",Final
601,"Normative PEP with a new feature for Python, implementation change for CPython or interoperability standard for the ecosystem",Rejected
572,"Normative PEP with a new feature for Python, implementation change for CPython or interoperability standard for the ecosystem",Final
323,"Normative PEP with a new feature for Python, implementation change for CPython or interoperability standard for the ecosystem",Deferred
261,"Normative PEP with a new feature for Python, implementation change for CPython or interoperability standard for the ecosystem",Final
332,"Normative PEP with a new feature for Python, implementation change for CPython or interoperability standard for the ecosystem",Rejected
533,"Normative PEP with a new feature for Python, implementation change for CPython or interoperability standard for the ecosystem",Deferred
258,"Normative PEP with a new feature for Python, implementation change for CPython or interoperability standard for the ecosystem",Rejected
444,"Non-normative PEP containing background, guidelines or other information relevant to the Python ecosystem",Deferred
425,"Normative PEP with a new feature for Python, implementation change for CPython or interoperability standard for the ecosystem",Final
685,"Normative PEP with a new feature for Python, implementation change for CPython or interoperability standard for the ecosystem",Accepted
328,"Normative PEP with a new feature for Python, implementation change for CPython or interoperability standard for the ecosystem",Final
478,"Non-normative PEP containing background, guidelines or other information relevant to the Python ecosystem",Final
466,"Normative PEP with a new feature for Python, implementation change for CPython or interoperability standard for the ecosystem",Final
489,"Normative PEP with a new feature for Python, implementation change for CPython or interoperability standard for the ecosystem",Final
200,"Non-normative PEP containing background, guidelines or other information relevant to the Python ecosystem",Final
430,"Non-normative PEP containing background, guidelines or other information relevant to the Python ecosystem",Final
600,"Normative PEP with a new feature for Python, implementation change for CPython or interoperability standard for the ecosystem",Final
210,"Normative PEP with a new feature for Python, implementation change for CPython or interoperability standard for the ecosystem",Rejected
220,"Non-normative PEP containing background, guidelines or other information relevant to the Python ecosystem",Rejected
42,"Normative PEP describing or proposing a change to a Python community process, workflow or governance",Withdrawn
310,"Normative PEP with a new feature for Python, implementation change for CPython or interoperability standard for the ecosystem",Rejected
3126,"Normative PEP with a new feature for Python, implementation change for CPython or interoperability standard for the ecosystem",Rejected
3123,"Normative PEP with a new feature for Python, implementation change for CPython or interoperability standard for the ecosystem",Final
100,"Normative PEP with a new feature for Python, implementation change for CPython or interoperability standard for the ecosystem",Final
247,"Non-normative PEP containing background, guidelines or other information relevant to the Python ecosystem",Final
13,"Normative PEP describing or proposing a change to a Python community process, workflow or governance",Active
634,"Normative PEP with a new feature for Python, implementation change for CPython or interoperability standard for the ecosystem",Final
3146,"Normative PEP with a new feature for Python, implementation change for CPython or interoperability standard for the ecosystem",Withdrawn
252,"Normative PEP with a new feature for Python, implementation change for CPython or interoperability standard for the ecosystem",Final
330,"Normative PEP with a new feature for Python, implementation change for CPython or interoperability standard for the ecosystem",Rejected
225,"Normative PEP with a new feature for Python, implementation change for CPython or interoperability standard for the ecosystem",Rejected
412,"Normative PEP with a new feature for Python, implementation change for CPython or interoperability standard for the ecosystem",Final
391,"Normative PEP with a new feature for Python, implementation change for CPython or interoperability standard for the ecosystem",Final
303,"Normative PEP with a new feature for Python, implementation change for CPython or interoperability standard for the ecosystem",Rejected
652,"Normative PEP with a new feature for Python, implementation change for CPython or interoperability standard for the ecosystem",Final
696,"Normative PEP with a new feature for Python, implementation change for CPython or interoperability standard for the ecosystem",Draft
543,"Normative PEP with a new feature for Python, implementation change for CPython or interoperability standard for the ecosystem",Withdrawn
317,"Normative PEP with a new feature for Python, implementation change for CPython or interoperability standard for the ecosystem",Rejected
694,"Normative PEP with a new feature for Python, implementation change for CPython or interoperability standard for the ecosystem",Draft
515,"Normative PEP with a new feature for Python, implementation change for CPython or interoperability standard for the ecosystem",Final
308,"Normative PEP with a new feature for Python, implementation change for CPython or interoperability standard for the ecosystem",Final
3141,"Normative PEP with a new feature for Python, implementation change for CPython or interoperability standard for the ecosystem",Final
528,"Normative PEP with a new feature for Python, implementation change for CPython or interoperability standard for the ecosystem",Final
204,"Normative PEP with a new feature for Python, implementation change for CPython or interoperability standard for the ecosystem",Rejected
664,"Non-normative PEP containing background, guidelines or other information relevant to the Python ecosystem",Active
221,"Normative PEP with a new feature for Python, implementation change for CPython or interoperability standard for the ecosystem",Final
256,"Normative PEP with a new feature for Python, implementation change for CPython or interoperability standard for the ecosystem",Rejected
504,"Normative PEP with a new feature for Python, implementation change for CPython or interoperability standard for the ecosystem",Withdrawn
418,"Normative PEP with a new feature for Python, implementation change for CPython or interoperability standard for the ecosystem",Final
723,"Normative PEP with a new feature for Python, implementation change for CPython or interoperability standard for the ecosystem",Provisional
585,"Normative PEP with a new feature for Python, implementation change for CPython or interoperability standard for the ecosystem",Final
389,"Normative PEP with a new feature for Python, implementation change for CPython or interoperability standard for the ecosystem",Final
698,"Normative PEP with a new feature for Python, implementation change for CPython or interoperability standard for the ecosystem",Accepted
406,"Normative PEP with a new feature for Python, implementation change for CPython or interoperability standard for the ecosystem",Withdrawn
3,"Normative PEP describing or proposing a change to a Python community process, workflow or governance",Withdrawn
329,"Normative PEP with a new feature for Python, implementation change for CPython or interoperability standard for the ecosystem",Rejected
576,"Normative PEP with a new feature for Python, implementation change for CPython or interoperability standard for the ecosystem",Withdrawn
224,"Normative PEP with a new feature for Python, implementation change for CPython or interoperability standard for the ecosystem",Rejected
559,"Normative PEP with a new feature for Python, implementation change for CPython or interoperability standard for the ecosystem",Rejected
306,"Non-normative PEP containing background, guidelines or other information relevant to the Python ecosystem",Withdrawn
3119,"Normative PEP with a new feature for Python, implementation change for CPython or interoperability standard for the ecosystem",Final
3153,"Normative PEP with a new feature for Python, implementation change for CPython or interoperability standard for the ecosystem",Superseded
487,"Normative PEP with a new feature for Python, implementation change for CPython or interoperability standard for the ecosystem",Final
647,"Normative PEP with a new feature for Python, implementation change for CPython or interoperability standard for the ecosystem",Accepted
3128,"Normative PEP with a new feature for Python, implementation change for CPython or interoperability standard for the ecosystem",Rejected
304,"Normative PEP with a new feature for Python, implementation change for CPython or interoperability standard for the ecosystem",Withdrawn
344,"Normative PEP with a new feature for Python, implementation change for CPython or interoperability standard for the ecosystem",Superseded
606,"Normative PEP with a new feature for Python, implementation change for CPython or interoperability standard for the ecosystem",Rejected
658,"Normative PEP with a new feature for Python, implementation change for CPython or interoperability standard for the ecosystem",Accepted
307,"Normative PEP with a new feature for Python, implementation change for CPython or interoperability standard for the ecosystem",Final
12,"Normative PEP describing or proposing a change to a Python community process, workflow or governance",Active
248,"Non-normative PEP containing background, guidelines or other information relevant to the Python ecosystem",Final
284,"Normative PEP with a new feature for Python, implementation change for CPython or interoperability standard for the ecosystem",Rejected
657,"Normative PEP with a new feature for Python, implementation change for CPython or interoperability standard for the ecosystem",Final
316,"Normative PEP with a new feature for Python, implementation change for CPython or interoperability standard for the ecosystem",Deferred
442,"Normative PEP with a new feature for Python, implementation change for CPython or interoperability standard for the ecosystem",Final
401,"Normative PEP describing or proposing a change to a Python community process, workflow or governance",April Fool!
467,"Normative PEP with a new feature for Python, implementation change for CPython or interoperability standard for the ecosystem",Draft
525,"Normative PEP with a new feature for Python, implementation change for CPython or interoperability standard for the ecosystem",Final
203,"Normative PEP with a new feature for Python, implementation change for CPython or interoperability standard for the ecosystem",Final
403,"Normative PEP with a new feature for Python, implementation change for CPython or interoperability standard for the ecosystem",Deferred
8014,"Non-normative PEP containing background, guidelines or other information relevant to the Python ecosystem",Rejected
564,"Normative PEP with a new feature for Python, implementation change for CPython or interoperability standard for the ecosystem",Final
538,"Normative PEP with a new feature for Python, implementation change for CPython or interoperability standard for the ecosystem",Final
319,"Normative PEP with a new feature for Python, implementation change for CPython or interoperability standard for the ecosystem",Rejected
360,"Normative PEP describing or proposing a change to a Python community process, workflow or governance",Final
4,"Normative PEP describing or proposing a change to a Python community process, workflow or governance",Active
246,"Normative PEP with a new feature for Python, implementation change for CPython or interoperability standard for the ecosystem",Rejected
356,"Non-normative PEP containing background, guidelines or other information relevant to the Python ecosystem",Final
424,"Normative PEP with a new feature for Python, implementation change for CPython or interoperability standard for the ecosystem",Final
458,"Normative PEP with a new feature for Python, implementation change for CPython or interoperability standard for the ecosystem",Accepted
651,"Normative PEP with a new feature for Python, implementation change for CPython or interoperability standard for the ecosystem",Rejected
510,"Normative PEP with a new feature for Python, implementation change for CPython or interoperability standard for the ecosystem",Rejected
3105,"Normative PEP with a new feature for Python, implementation change for CPython or interoperability standard for the ecosystem",Final
352,"Normative PEP with a new feature for Python, implementation change for CPython or interoperability standard for the ecosystem",Final
3130,"Normative PEP with a new feature for Python, implementation change for CPython or interoperability standard for the ecosystem",Rejected
661,"Normative PEP with a new feature for Python, implementation change for CPython or interoperability standard for the ecosystem",Draft
423,"Non-normative PEP containing background, guidelines or other information relevant to the Python ecosystem",Deferred
361,"Non-normative PEP containing background, guidelines or other information relevant to the Python ecosystem",Final
20,"Non-normative PEP containing background, guidelines or other information relevant to the Python ecosystem",Active
549,"Normative PEP with a new feature for Python, implementation change for CPython or interoperability standard for the ecosystem",Rejected
381,"Normative PEP with a new feature for Python, implementation change for CPython or interoperability standard for the ecosystem",Withdrawn
670,"Normative PEP with a new feature for Python, implementation change for CPython or interoperability standard for the ecosystem",Final
279,"Normative PEP with a new feature for Python, implementation change for CPython or interoperability standard for the ecosystem",Final
542,"Normative PEP with a new feature for Python, implementation change for CPython or interoperability standard for the ecosystem",Rejected
242,"Normative PEP with a new feature for Python, implementation change for CPython or interoperability standard for the ecosystem",Rejected
8101,"Non-normative PEP containing background, guidelines or other information relevant to the Python ecosystem",Final
295,"Normative PEP with a new feature for Python, implementation change for CPython or interoperability standard for the ecosystem",Rejected
561,"Normative PEP with a new feature for Python, implementation change for CPython or interoperability standard for the ecosystem",Final
366,"Normative PEP with a new feature for Python, implementation change for CPython or interoperability standard for the ecosystem",Final
491,"Normative PEP with a new feature for Python, implementation change for CPython or interoperability standard for the ecosystem",Deferred
480,"Normative PEP with a new feature for Python, implementation change for CPython or interoperability standard for the ecosystem",Draft
726,"Normative PEP with a new feature for Python, implementation change for CPython or interoperability standard for the ecosystem",Draft
8000,"Non-normative PEP containing background, guidelines or other information relevant to the Python ecosystem",Final
646,"Normative PEP with a new feature for Python, implementation change for CPython or interoperability standard for the ecosystem",Accepted
3138,"Normative PEP with a new feature for Python, implementation change for CPython or interoperability standard for the ecosystem",Final
476,"Normative PEP with a new feature for Python, implementation change for CPython or interoperability standard for the ecosystem",Final
362,"Normative PEP with a new feature for Python, implementation change for CPython or interoperability standard for the ecosystem",Final
597,"Normative PEP with a new feature for Python, implementation change for CPython or interoperability standard for the ecosystem",Final
320,"Non-normative PEP containing background, guidelines or other information relevant to the Python ecosystem",Final
667,"Normative PEP with a new feature for Python, implementation change for CPython or interoperability standard for the ecosystem",Draft
314,"Normative PEP with a new feature for Python, implementation change for CPython or interoperability standard for the ecosystem",Superseded
289,"Normative PEP with a new feature for Python, implementation change for CPython or interoperability standard for the ecosystem",Final
209,"Normative PEP with a new feature for Python, implementation change for CPython or interoperability standard for the ecosystem",Withdrawn
548,"Normative PEP with a new feature for Python, implementation change for CPython or interoperability standard for the ecosystem",Rejected
435,"Normative PEP with a new feature for Python, implementation change for CPython or interoperability standard for the ecosystem",Final
448,"Normative PEP with a new feature for Python, implementation change for CPython or interoperability standard for the ecosystem",Final
506,"Normative PEP with a new feature for Python, implementation change for CPython or interoperability standard for the ecosystem",Final
637,"Normative PEP with a new feature for Python, implementation change for CPython or interoperability standard for the ecosystem",Rejected
318,"Normative PEP with a new feature for Python, implementation change for CPython or interoperability standard for the ecosystem",Final
3106,"Normative PEP with a new feature for Python, implementation change for CPython or interoperability standard for the ecosystem",Final
532,"Normative PEP with a new feature for Python, implementation change for CPython or interoperability standard for the ecosystem",Deferred
554,"Normative PEP with a new feature for Python, implementation change for CPython or interoperability standard for the ecosystem",Superseded
275,"Normative PEP with a new feature for Python, implementation change for CPython or interoperability standard for the ecosystem",Rejected
305,"Normative PEP with a new feature for Python, implementation change for CPython or interoperability standard for the ecosystem",Final
267,"Normative PEP with a new feature for Python, implementation change for CPython or interoperability standard for the ecosystem",Deferred
201,"Normative PEP with a new feature for Python, implementation change for CPython or interoperability standard for the ecosystem",Final
350,"Non-normative PEP containing background, guidelines or other information relevant to the Python ecosystem",Rejected
730,"Normative PEP with a new feature for Python, implementation change for CPython or interoperability standard for the ecosystem",Draft
691,"Normative PEP with a new feature for Python, implementation change for CPython or interoperability standard for the ecosystem",Accepted
3149,"Normative PEP with a new feature for Python, implementation change for CPython or interoperability standard for the ecosystem",Final
363,"Normative PEP with a new feature for Python, implementation change for CPython or interoperability standard for the ecosystem",Rejected
479,"Normative PEP with a new feature for Python, implementation change for CPython or interoperability standard for the ecosystem",Final
253,"Normative PEP with a new feature for Python, implementation change for CPython or interoperability standard for the ecosystem",Final
416,"Normative PEP with a new feature for Python, implementation change for CPython or interoperability standard for the ecosystem",Rejected
428,"Normative PEP with a new feature for Python, implementation change for CPython or interoperability standard for the ecosystem",Final
514,"Non-normative PEP containing background, guidelines or other information relevant to the Python ecosystem",Active
251,"Non-normative PEP containing background, guidelines or other information relevant to the Python ecosystem",Final
302,"Normative PEP with a new feature for Python, implementation change for CPython or interoperability standard for the ecosystem",Final
656,"Normative PEP with a new feature for Python, implementation change for CPython or interoperability standard for the ecosystem",Final
345,"Normative PEP with a new feature for Python, implementation change for CPython or interoperability standard for the ecosystem",Superseded
379,"Normative PEP with a new feature for Python, implementation change for CPython or interoperability standard for the ecosystem",Withdrawn
339,"Non-normative PEP containing background, guidelines or other information relevant to the Python ecosystem",Withdrawn
620,"Normative PEP with a new feature for Python, implementation change for CPython or interoperability standard for the ecosystem",Withdrawn
686,"Normative PEP with a new feature for Python, implementation change for CPython or interoperability standard for the ecosystem",Accepted
687,"Normative PEP with a new feature for Python, implementation change for CPython or interoperability standard for the ecosystem",Accepted
688,"Normative PEP with a new feature for Python, implementation change for CPython or interoperability standard for the ecosystem",Accepted
285,"Normative PEP with a new feature for Python, implementation change for CPython or interoperability standard for the ecosystem",Final
566,"Normative PEP with a new feature for Python, implementation change for CPython or interoperability standard for the ecosystem",Final
8016,"Non-normative PEP containing background, guidelines or other information relevant to the Python ecosystem",Accepted
3151,"Normative PEP with a new feature for Python, implementation change for CPython or interoperability standard for the ecosystem",Final
3137,"Normative PEP with a new feature for Python, implementation change for CPython or interoperability standard for the ecosystem",Final
692,"Normative PEP with a new feature for Python, implementation change for CPython or interoperability standard for the ecosystem",Accepted
3118,"Normative PEP with a new feature for Python, implementation change for CPython or interoperability standard for the ecosystem",Final
6,"Normative PEP describing or proposing a change to a Python community process, workflow or governance",Superseded
413,"Normative PEP describing or proposing a change to a Python community process, workflow or governance",Withdrawn
334,"Normative PEP with a new feature for Python, implementation change for CPython or interoperability standard for the ecosystem",Withdrawn
754,"Normative PEP with a new feature for Python, implementation change for CPython or interoperability standard for the ecosystem",Rejected
612,"Normative PEP with a new feature for Python, implementation change for CPython or interoperability standard for the ecosystem",Accepted
254,"Normative PEP with a new feature for Python, implementation change for CPython or interoperability standard for the ecosystem",Rejected
531,"Normative PEP with a new feature for Python, implementation change for CPython or interoperability standard for the ecosystem",Withdrawn
731,"Normative PEP describing or proposing a change to a Python community process, workflow or governance",Active
630,"Non-normative PEP containing background, guidelines or other information relevant to the Python ecosystem",Final
544,"Normative PEP with a new feature for Python, implementation change for CPython or interoperability standard for the ecosystem",Accepted
662,"Normative PEP with a new feature for Python, implementation change for CPython or interoperability standard for the ecosystem",Rejected
735,"Normative PEP with a new feature for Python, implementation change for CPython or interoperability standard for the ecosystem",Draft
683,"Normative PEP with a new feature for Python, implementation change for CPython or interoperability standard for the ecosystem",Accepted
663,"Non-normative PEP containing background, guidelines or other information relevant to the Python ecosystem",Rejected
3003,"Normative PEP describing or proposing a change to a Python community process, workflow or governance",Final
376,"Normative PEP with a new feature for Python, implementation change for CPython or interoperability standard for the ecosystem",Final
465,"Normative PEP with a new feature for Python, implementation change for CPython or interoperability standard for the ecosystem",Final
309,"Normative PEP with a new feature for Python, implementation change for CPython or interoperability standard for the ecosystem",Final
291,"Non-normative PEP containing background, guidelines or other information relevant to the Python ecosystem",Final
404,"Non-normative PEP containing background, guidelines or other information relevant to the Python ecosystem",Final
713,"Normative PEP with a new feature for Python, implementation change for CPython or interoperability standard for the ecosystem",Rejected
592,"Normative PEP with a new feature for Python, implementation change for CPython or interoperability standard for the ecosystem",Final
519,"Normative PEP with a new feature for Python, implementation change for CPython or interoperability standard for the ecosystem",Final
483,"Non-normative PEP containing background, guidelines or other information relevant to the Python ecosystem",Final
580,"Normative PEP with a new feature for Python, implementation change for CPython or interoperability standard for the ecosystem",Rejected
677,"Normative PEP with a new feature for Python, implementation change for CPython or interoperability standard for the ecosystem",Rejected
3108,"Normative PEP with a new feature for Python, implementation change for CPython or interoperability standard for the ecosystem",Final
695,"Normative PEP with a new feature for Python, implementation change for CPython or interoperability standard for the ecosystem",Accepted
298,"Normative PEP with a new feature for Python, implementation change for CPython or interoperability standard for the ecosystem",Withdrawn
668,"Normative PEP with a new feature for Python, implementation change for CPython or interoperability standard for the ecosystem",Accepted
609,"Normative PEP describing or proposing a change to a Python community process, workflow or governance",Active
599,"Non-normative PEP containing background, guidelines or other information relevant to the Python ecosystem",Superseded
596,"Non-normative PEP containing background, guidelines or other information relevant to the Python ecosystem",Active
370,"Normative PEP with a new feature for Python, implementation change for CPython or interoperability standard for the ecosystem",Final
206,"Non-normative PEP containing background, guidelines or other information relevant to the Python ecosystem",Withdrawn
420,"Normative PEP with a new feature for Python, implementation change for CPython or interoperability standard for the ecosystem",Final
456,"Normative PEP with a new feature for Python, implementation change for CPython or interoperability standard for the ecosystem",Final
527,"Normative PEP with a new feature for Python, implementation change for CPython or interoperability standard for the ecosystem",Final
392,"Non-normative PEP containing background, guidelines or other information relevant to the Python ecosystem",Final
3102,"Normative PEP with a new feature for Python, implementation change for CPython or interoperability standard for the ecosystem",Final
681,"Normative PEP with a new feature for Python, implementation change for CPython or interoperability standard for the ecosystem",Accepted
636,"Non-normative PEP containing background, guidelines or other information relevant to the Python ecosystem",Final
3099,"Normative PEP describing or proposing a change to a Python community process, workflow or governance",Final
499,"Normative PEP with a new feature for Python, implementation change for CPython or interoperability standard for the ecosystem",Deferred
635,"Non-normative PEP containing background, guidelines or other information relevant to the Python ecosystem",Final
709,"Normative PEP with a new feature for Python, implementation change for CPython or interoperability standard for the ecosystem",Accepted
552,"Normative PEP with a new feature for Python, implementation change for CPython or interoperability standard for the ecosystem",Final
660,"Normative PEP with a new feature for Python, implementation change for CPython or interoperability standard for the ecosystem",Final
715,"Normative PEP with a new feature for Python, implementation change for CPython or interoperability standard for the ecosystem",Final
244,"Normative PEP with a new feature for Python, implementation change for CPython or interoperability standard for the ecosystem",Rejected
228,"Normative PEP with a new feature for Python, implementation change for CPython or interoperability standard for the ecosystem",Withdrawn
227,"Normative PEP with a new feature for Python, implementation change for CPython or interoperability standard for the ecosystem",Final
262,"Normative PEP with a new feature for Python, implementation change for CPython or interoperability standard for the ecosystem",Rejected
638,"Normative PEP with a new feature for Python, implementation change for CPython or interoperability standard for the ecosystem",Draft
719,"Non-normative PEP containing background, guidelines or other information relevant to the Python ecosystem",Active
699,"Normative PEP with a new feature for Python, implementation change for CPython or interoperability standard for the ecosystem",Accepted
415,"Normative PEP with a new feature for Python, implementation change for CPython or interoperability standard for the ecosystem",Final
702,"Normative PEP with a new feature for Python, implementation change for CPython or interoperability standard for the ecosystem",Accepted
624,"Normative PEP with a new feature for Python, implementation change for CPython or interoperability standard for the ecosystem",Final
268,"Normative PEP with a new feature for Python, implementation change for CPython or interoperability standard for the ecosystem",Rejected
3115,"Normative PEP with a new feature for Python, implementation change for CPython or interoperability standard for the ecosystem",Final
233,"Normative PEP with a new feature for Python, implementation change for CPython or interoperability standard for the ecosystem",Deferred
611,"Normative PEP with a new feature for Python, implementation change for CPython or interoperability standard for the ecosystem",Withdrawn
374,"Normative PEP describing or proposing a change to a Python community process, workflow or governance",Final
578,"Normative PEP with a new feature for Python, implementation change for CPython or interoperability standard for the ecosystem",Accepted
3103,"Normative PEP with a new feature for Python, implementation change for CPython or interoperability standard for the ecosystem",Rejected
494,"Non-normative PEP containing background, guidelines or other information relevant to the Python ecosystem",Final
3131,"Normative PEP with a new feature for Python, implementation change for CPython or interoperability standard for the ecosystem",Final
205,"Normative PEP with a new feature for Python, implementation change for CPython or interoperability standard for the ecosystem",Final
231,"Normative PEP with a new feature for Python, implementation change for CPython or interoperability standard for the ecosystem",Rejected
324,"Normative PEP with a new feature for Python, implementation change for CPython or interoperability standard for the ecosystem",Final
3109,"Normative PEP with a new feature for Python, implementation change for CPython or interoperability standard for the ecosystem",Final
292,"Normative PEP with a new feature for Python, implementation change for CPython or interoperability standard for the ecosystem",Final
265,"Normative PEP with a new feature for Python, implementation change for CPython or interoperability standard for the ecosystem",Rejected
627,"Normative PEP with a new feature for Python, implementation change for CPython or interoperability standard for the ecosystem",Final
619,"Non-normative PEP containing background, guidelines or other information relevant to the Python ecosystem",Active
8102,"Non-normative PEP containing background, guidelines or other information relevant to the Python ecosystem",Final
342,"Normative PEP with a new feature for Python, implementation change for CPython or interoperability standard for the ecosystem",Final
498,"Normative PEP with a new feature for Python, implementation change for CPython or interoperability standard for the ecosystem",Final
669,"Normative PEP with a new feature for Python, implementation change for CPython or interoperability standard for the ecosystem",Accepted
673,"Normative PEP with a new feature for Python, implementation change for CPython or interoperability standard for the ecosystem",Accepted
643,"Normative PEP with a new feature for Python, implementation change for CPython or interoperability standard for the ecosystem",Final
355,"Normative PEP with a new feature for Python, implementation change for CPython or interoperability standard for the ecosystem",Rejected
368,"Normative PEP with a new feature for Python, implementation change for CPython or interoperability standard for the ecosystem",Deferred
451,"Normative PEP with a new feature for Python, implementation change for CPython or interoperability standard for the ecosystem",Final
5,"Normative PEP describing or proposing a change to a Python community process, workflow or governance",Superseded
419,"Normative PEP with a new feature for Python, implementation change for CPython or interoperability standard for the ecosystem",Deferred
586,"Normative PEP with a new feature for Python, implementation change for CPython or interoperability standard for the ecosystem",Accepted
607,"Non-normative PEP containing background, guidelines or other information relevant to the Python ecosystem",Final
273,"Normative PEP with a new feature for Python, implementation change for CPython or interoperability standard for the ecosystem",Final
518,"Normative PEP with a new feature for Python, implementation change for CPython or interoperability standard for the ecosystem",Final
632,"Normative PEP with a new feature for Python, implementation change for CPython or interoperability standard for the ecosystem",Final
591,"Normative PEP with a new feature for Python, implementation change for CPython or interoperability standard for the ecosystem",Accepted
382,"Normative PEP with a new feature for Python, implementation change for CPython or interoperability standard for the ecosystem",Rejected
674,"Normative PEP with a new feature for Python, implementation change for CPython or interoperability standard for the ecosystem",Deferred
530,"Normative PEP with a new feature for Python, implementation change for CPython or interoperability standard for the ecosystem",Final
684,"Normative PEP with a new feature for Python, implementation change for CPython or interoperability standard for the ecosystem",Accepted
718,"Normative PEP with a new feature for Python, implementation change for CPython or interoperability standard for the ecosystem",Draft
217,"Normative PEP with a new feature for Python, implementation change for CPython or interoperability standard for the ecosystem",Final
375,"Non-normative PEP containing background, guidelines or other information relevant to the Python ecosystem",Final
286,"Normative PEP with a new feature for Python, implementation change for CPython or interoperability standard for the ecosystem",Deferred
697,"Normative PEP with a new feature for Python, implementation change for CPython or interoperability standard for the ecosystem",Final
551,"Non-normative PEP containing background, guidelines or other information relevant to the Python ecosystem",Withdrawn
484,"Normative PEP with a new feature for Python, implementation change for CPython or interoperability standard for the ecosystem",Final
417,"Normative PEP with a new feature for Python, implementation change for CPython or interoperability standard for the ecosystem",Final
218,"Normative PEP with a new feature for Python, implementation change for CPython or interoperability standard for the ecosystem",Final
459,"Normative PEP with a new feature for Python, implementation change for CPython or interoperability standard for the ecosystem",Withdrawn
3112,"Normative PEP with a new feature for Python, implementation change for CPython or interoperability standard for the ecosystem",Final
604,"Normative PEP with a new feature for Python, implementation change for CPython or interoperability standard for the ecosystem",Accepted
3144,"Normative PEP with a new feature for Python, implementation change for CPython or interoperability standard for the ecosystem",Final
326,"Normative PEP with a new feature for Python, implementation change for CPython or interoperability standard for the ecosystem",Rejected
569,"Non-normative PEP containing background, guidelines or other information relevant to the Python ecosystem",Active
593,"Normative PEP with a new feature for Python, implementation change for CPython or interoperability standard for the ecosystem",Accepted
3134,"Normative PEP with a new feature for Python, implementation change for CPython or interoperability standard for the ecosystem",Final
508,"Normative PEP with a new feature for Python, implementation change for CPython or interoperability standard for the ecosystem",Final
690,"Normative PEP with a new feature for Python, implementation change for CPython or interoperability standard for the ecosystem",Rejected
613,"Normative PEP with a new feature for Python, implementation change for CPython or interoperability standard for the ecosystem",Accepted
343,"Normative PEP with a new feature for Python, implementation change for CPython or interoperability standard for the ecosystem",Final
322,"Normative PEP with a new feature for Python, implementation change for CPython or interoperability standard for the ecosystem",Final
567,"Normative PEP with a new feature for Python, implementation change for CPython or interoperability standard for the ecosystem",Final
245,"Normative PEP with a new feature for Python, implementation change for CPython or interoperability standard for the ecosystem",Rejected
522,"Normative PEP with a new feature for Python, implementation change for CPython or interoperability standard for the ecosystem",Rejected
581,"Normative PEP describing or proposing a change to a Python community process, workflow or governance",Accepted
249,"Non-normative PEP containing background, guidelines or other information relevant to the Python ecosystem",Final
311,"Normative PEP with a new feature for Python, implementation change for CPython or interoperability standard for the ecosystem",Final
264,"Normative PEP with a new feature for Python, implementation change for CPython or interoperability standard for the ecosystem",Final
3107,"Normative PEP with a new feature for Python, implementation change for CPython or interoperability standard for the ecosystem",Final
617,"Normative PEP with a new feature for Python, implementation change for CPython or interoperability standard for the ecosystem",Accepted
400,"Normative PEP with a new feature for Python, implementation change for CPython or interoperability standard for the ecosystem",Deferred
214,"Normative PEP with a new feature for Python, implementation change for CPython or interoperability standard for the ecosystem",Final
426,"Non-normative PEP containing background, guidelines or other information relevant to the Python ecosystem",Withdrawn
628,"Normative PEP with a new feature for Python, implementation change for CPython or interoperability standard for the ecosystem",Final
500,"Normative PEP with a new feature for Python, implementation change for CPython or interoperability standard for the ecosystem",Rejected
640,"Normative PEP with a new feature for Python, implementation change for CPython or interoperability standard for the ecosystem",Rejected
577,"Normative PEP with a new feature for Python, implementation change for CPython or interoperability standard for the ecosystem",Withdrawn
3127,"Normative PEP with a new feature for Python, implementation change for CPython or interoperability standard for the ecosystem",Final
588,"Non-normative PEP containing background, guidelines or other information relevant to the Python ecosystem",Draft
237,"Normative PEP with a new feature for Python, implementation change for CPython or interoperability standard for the ecosystem",Final
338,"Normative PEP with a new feature for Python, implementation change for CPython or interoperability standard for the ecosystem",Final
3148,"Normative PEP with a new feature for Python, implementation change for CPython or interoperability standard for the ecosystem",Final
558,"Normative PEP with a new feature for Python, implementation change for CPython or interoperability standard for the ecosystem",Deferred
529,"Normative PEP with a new feature for Python, implementation change for CPython or interoperability standard for the ecosystem",Final
3333,"Non-normative PEP containing background, guidelines or other information relevant to the Python ecosystem",Final
535,"Normative PEP with a new feature for Python, implementation change for CPython or interoperability standard for the ecosystem",Deferred
274,"Normative PEP with a new feature for Python, implementation change for CPython or interoperability standard for the ecosystem",Final
545,"Normative PEP describing or proposing a change to a Python community process, workflow or governance",Final
367,"Normative PEP with a new feature for Python, implementation change for CPython or interoperability standard for the ecosystem",Superseded
433,"Normative PEP with a new feature for Python, implementation change for CPython or interoperability standard for the ecosystem",Superseded
710,"Normative PEP with a new feature for Python, implementation change for CPython or interoperability standard for the ecosystem",Draft
472,"Normative PEP with a new feature for Python, implementation change for CPython or interoperability standard for the ecosystem",Rejected
582,"Normative PEP with a new feature for Python, implementation change for CPython or interoperability standard for the ecosystem",Rejected
679,"Normative PEP with a new feature for Python, implementation change for CPython or interoperability standard for the ecosystem",Draft
8103,"Non-normative PEP containing background, guidelines or other information relevant to the Python ecosystem",Final
8015,"Non-normative PEP containing background, guidelines or other information relevant to the Python ecosystem",Rejected
706,"Normative PEP with a new feature for Python, implementation change for CPython or interoperability standard for the ecosystem",Final
729,"Normative PEP describing or proposing a change to a Python community process, workflow or governance",Active
212,"Normative PEP with a new feature for Python, implementation change for CPython or interoperability standard for the ecosystem",Rejected
216,"Non-normative PEP containing background, guidelines or other information relevant to the Python ecosystem",Rejected
595,"Non-normative PEP containing background, guidelines or other information relevant to the Python ecosystem",Withdrawn
313,"Normative PEP with a new feature for Python, implementation change for CPython or interoperability standard for the ecosystem",Rejected
3111,"Normative PEP with a new feature for Python, implementation change for CPython or interoperability standard for the ecosystem",Final
235,"Normative PEP with a new feature for Python, implementation change for CPython or interoperability standard for the ecosystem",Final
414,"Normative PEP with a new feature for Python, implementation change for CPython or interoperability standard for the ecosystem",Final
3145,"Normative PEP with a new feature for Python, implementation change for CPython or interoperability standard for the ecosystem",Withdrawn
8105,"Non-normative PEP containing background, guidelines or other information relevant to the Python ecosystem",Active
8013,"Non-normative PEP containing background, guidelines or other information relevant to the Python ecosystem",Rejected
482,"Non-normative PEP containing background, guidelines or other information relevant to the Python ecosystem",Final
409,"Normative PEP with a new feature for Python, implementation change for CPython or interoperability standard for the ecosystem",Final
288,"Normative PEP with a new feature for Python, implementation change for CPython or interoperability standard for the ecosystem",Withdrawn
594,"Normative PEP with a new feature for Python, implementation change for CPython or interoperability standard for the ecosystem",Final
584,"Normative PEP with a new feature for Python, implementation change for CPython or interoperability standard for the ecosystem",Final
398,"Non-normative PEP containing background, guidelines or other information relevant to the Python ecosystem",Final
631,"Normative PEP with a new feature for Python, implementation change for CPython or interoperability standard for the ecosystem",Superseded
3125,"Normative PEP with a new feature for Python, implementation change for CPython or interoperability standard for the ecosystem",Rejected
616,"Normative PEP with a new feature for Python, implementation change for CPython or interoperability standard for the ecosystem",Final
240,"Normative PEP with a new feature for Python, implementation change for CPython or interoperability standard for the ecosystem",Rejected
589,"Normative PEP with a new feature for Python, implementation change for CPython or interoperability standard for the ecosystem",Accepted
408,"Normative PEP with a new feature for Python, implementation change for CPython or interoperability standard for the ecosystem",Rejected
101,"Non-normative PEP containing background, guidelines or other information relevant to the Python ecosystem",Active
645,"Normative PEP with a new feature for Python, implementation change for CPython or interoperability standard for the ecosystem",Withdrawn
801,"Non-normative PEP containing background, guidelines or other information relevant to the Python ecosystem",Active
553,"Normative PEP with a new feature for Python, implementation change for CPython or interoperability standard for the ecosystem",Final
103,"Non-normative PEP containing background, guidelines or other information relevant to the Python ecosystem",Withdrawn
725,"Normative PEP with a new feature for Python, implementation change for CPython or interoperability standard for the ecosystem",Draft
277,"Normative PEP with a new feature for Python, implementation change for CPython or interoperability standard for the ecosystem",Final
3152,"Normative PEP with a new feature for Python, implementation change for CPython or interoperability standard for the ecosystem",Rejected
490,"Normative PEP with a new feature for Python, implementation change for CPython or interoperability standard for the ecosystem",Rejected
665,"Normative PEP with a new feature for Python, implementation change for CPython or interoperability standard for the ecosystem",Rejected
475,"Normative PEP with a new feature for Python, implementation change for CPython or interoperability standard for the ecosystem",Final
410,"Normative PEP with a new feature for Python, implementation change for CPython or interoperability standard for the ecosystem",Rejected
689,"Normative PEP with a new feature for Python, implementation change for CPython or interoperability standard for the ecosystem",Final
3154,"Normative PEP with a new feature for Python, implementation change for CPython or interoperability standard for the ecosystem",Final
331,"Normative PEP with a new feature for Python, implementation change for CPython or interoperability standard for the ecosystem",Final
462,"Normative PEP describing or proposing a change to a Python community process, workflow or governance",Withdrawn
10,"Normative PEP describing or proposing a change to a Python community process, workflow or governance",Active
411,"Non-normative PEP containing background, guidelines or other information relevant to the Python ecosystem",Superseded
648,"Normative PEP with a new feature for Python, implementation change for CPython or interoperability standard for the ecosystem",Rejected
446,"Normative PEP with a new feature for Python, implementation change for CPython or interoperability standard for the ecosystem",Final
213,"Normative PEP with a new feature for Python, implementation change for CPython or interoperability standard for the ecosystem",Deferred
452,"Non-normative PEP containing background, guidelines or other information relevant to the Python ecosystem",Final
587,"Normative PEP with a new feature for Python, implementation change for CPython or interoperability standard for the ecosystem",Final
8010,"Non-normative PEP containing background, guidelines or other information relevant to the Python ecosystem",Rejected
605,"Non-normative PEP containing background, guidelines or other information relevant to the Python ecosystem",Rejected
590,"Normative PEP with a new feature for Python, implementation change for CPython or interoperability standard for the ecosystem",Accepted
394,"Non-normative PEP containing background, guidelines or other information relevant to the Python ecosystem",Active
541,"Normative PEP describing or proposing a change to a Python community process, workflow or governance",Final
211,"Normative PEP with a new feature for Python, implementation change for CPython or interoperability standard for the ecosystem",Rejected
3113,"Normative PEP with a new feature for Python, implementation change for CPython or interoperability standard for the ecosystem",Final
270,"Normative PEP with a new feature for Python, implementation change for CPython or interoperability standard for the ecosystem",Rejected
333,"Non-normative PEP containing background, guidelines or other information relevant to the Python ecosystem",Final
454,"Normative PEP with a new feature for Python, implementation change for CPython or interoperability standard for the ecosystem",Final
1,"Normative PEP describing or proposing a change to a Python community process, workflow or governance",Active
340,"Normative PEP with a new feature for Python, implementation change for CPython or interoperability standard for the ecosystem",Rejected
469,"Normative PEP with a new feature for Python, implementation change for CPython or interoperability standard for the ecosystem",Withdrawn
495,"Normative PEP with a new feature for Python, implementation change for CPython or interoperability standard for the ecosystem",Final
378,"Normative PEP with a new feature for Python, implementation change for CPython or interoperability standard for the ecosystem",Final
281,"Normative PEP with a new feature for Python, implementation change for CPython or interoperability standard for the ecosystem",Rejected
353,"Normative PEP with a new feature for Python, implementation change for CPython or interoperability standard for the ecosystem",Final
287,"Non-normative PEP containing background, guidelines or other information relevant to the Python ecosystem",Active
3129,"Normative PEP with a new feature for Python, implementation change for CPython or interoperability standard for the ecosystem",Final
672,"Non-normative PEP containing background, guidelines or other information relevant to the Python ecosystem",Active
372,"Normative PEP with a new feature for Python, implementation change for CPython or interoperability standard for the ecosystem",Final
557,"Normative PEP with a new feature for Python, implementation change for CPython or interoperability standard for the ecosystem",Final
441,"Normative PEP with a new feature for Python, implementation change for CPython or interoperability standard for the ecosystem",Final
387,"Normative PEP describing or proposing a change to a Python community process, workflow or governance",Active
9,"Normative PEP describing or proposing a change to a Python community process, workflow or governance",Withdrawn
468,"Normative PEP with a new feature for Python, implementation change for CPython or interoperability standard for the ecosystem",Final
3122,"Normative PEP with a new feature for Python, implementation change for CPython or interoperability standard for the ecosystem",Rejected
371,"Normative PEP with a new feature for Python, implementation change for CPython or interoperability standard for the ecosystem",Final
507,"Normative PEP describing or proposing a change to a Python community process, workflow or governance",Rejected
3120,"Normative PEP with a new feature for Python, implementation change for CPython or interoperability standard for the ecosystem",Final
434,"Non-normative PEP containing background, guidelines or other information relevant to the Python ecosystem",Active
337,"Normative PEP with a new feature for Python, implementation change for CPython or interoperability standard for the ecosystem",Deferred
325,"Normative PEP with a new feature for Python, implementation change for CPython or interoperability standard for the ecosystem",Rejected
693,"Non-normative PEP containing background, guidelines or other information relevant to the Python ecosystem",Active
3143,"Normative PEP with a new feature for Python, implementation change for CPython or interoperability standard for the ecosystem",Deferred
555,"Normative PEP with a new feature for Python, implementation change for CPython or interoperability standard for the ecosystem",Withdrawn
571,"Non-normative PEP containing background, guidelines or other information relevant to the Python ecosystem",Superseded
202,"Normative PEP with a new feature for Python, implementation change for CPython or interoperability standard for the ecosystem",Final
626,"Normative PEP with a new feature for Python, implementation change for CPython or interoperability standard for the ecosystem",Final
602,"Non-normative PEP containing background, guidelines or other information relevant to the Python ecosystem",Accepted
737,"Normative PEP with a new feature for Python, implementation change for CPython or interoperability standard for the ecosystem",Draft
397,"Normative PEP with a new feature for Python, implementation change for CPython or interoperability standard for the ecosystem",Final
390,"Normative PEP with a new feature for Python, implementation change for CPython or interoperability standard for the ecosystem",Rejected
3142,"Normative PEP with a new feature for Python, implementation change for CPython or interoperability standard for the ecosystem",Rejected
232,"Normative PEP with a new feature for Python, implementation change for CPython or interoperability standard for the ecosystem",Final
296,"Normative PEP with a new feature for Python, implementation change for CPython or interoperability standard for the ecosystem",Withdrawn
704,"Normative PEP with a new feature for Python, implementation change for CPython or interoperability standard for the ecosystem",Withdrawn
666,"Normative PEP with a new feature for Python, implementation change for CPython or interoperability standard for the ecosystem",Rejected
3117,"Normative PEP with a new feature for Python, implementation change for CPython or interoperability standard for the ecosystem",Rejected
8001,"Normative PEP describing or proposing a change to a Python community process, workflow or governance",Final
649,"Normative PEP with a new feature for Python, implementation change for CPython or interoperability standard for the ecosystem",Accepted
422,"Normative PEP with a new feature for Python, implementation change for CPython or interoperability standard for the ecosystem",Withdrawn
614,"Normative PEP with a new feature for Python, implementation change for CPython or interoperability standard for the ecosystem",Final
327,"Normative PEP with a new feature for Python, implementation change for CPython or interoperability standard for the ecosystem",Final
526,"Normative PEP with a new feature for Python, implementation change for CPython or interoperability standard for the ecosystem",Final
3124,"Normative PEP with a new feature for Python, implementation change for CPython or interoperability standard for the ecosystem",Deferred
358,"Normative PEP with a new feature for Python, implementation change for CPython or interoperability standard for the ecosystem",Final
453,"Normative PEP with a new feature for Python, implementation change for CPython or interoperability standard for the ecosystem",Final
700,"Normative PEP with a new feature for Python, implementation change for CPython or interoperability standard for the ecosystem",Accepted
675,"Normative PEP with a new feature for Python, implementation change for CPython or interoperability standard for the ecosystem",Accepted
396,"Non-normative PEP containing background, guidelines or other information relevant to the Python ecosystem",Rejected
393,"Normative PEP with a new feature for Python, implementation change for CPython or interoperability standard for the ecosystem",Final
407,"Normative PEP describing or proposing a change to a Python community process, workflow or governance",Deferred
272,"Non-normative PEP containing background, guidelines or other information relevant to the Python ecosystem",Final
243,"Normative PEP with a new feature for Python, implementation change for CPython or interoperability standard for the ecosystem",Withdrawn
421,"Normative PEP with a new feature for Python, implementation change for CPython or interoperability standard for the ecosystem",Final
575,"Normative PEP with a new feature for Python, implementation change for CPython or interoperability standard for the ecosystem",Withdrawn
618,"Normative PEP with a new feature for Python, implementation change for CPython or interoperability standard for the ecosystem",Final
644,"Normative PEP with a new feature for Python, implementation change for CPython or interoperability standard for the ecosystem",Final
625,"Normative PEP with a new feature for Python, implementation change for CPython or interoperability standard for the ecosystem",Accepted
724,"Normative PEP with a new feature for Python, implementation change for CPython or interoperability standard for the ecosystem",Draft
676,"Normative PEP describing or proposing a change to a Python community process, workflow or governance",Active
8002,"Non-normative PEP containing background, guidelines or other information relevant to the Python ecosystem",Final
501,"Normative PEP with a new feature for Python, implementation change for CPython or interoperability standard for the ecosystem",Deferred
226,"Non-normative PEP containing background, guidelines or other information relevant to the Python ecosystem",Final
3132,"Normative PEP with a new feature for Python, implementation change for CPython or interoperability standard for the ecosystem",Final
236,"Normative PEP with a new feature for Python, implementation change for CPython or interoperability standard for the ecosystem",Final
7,"Normative PEP describing or proposing a change to a Python community process, workflow or governance",Active
440,"Normative PEP with a new feature for Python, implementation change for CPython or interoperability standard for the ecosystem",Final
497,"Normative PEP describing or proposing a change to a Python community process, workflow or governance",Rejected
546,"Normative PEP with a new feature for Python, implementation change for CPython or interoperability standard for the ecosystem",Rejected
461,"Normative PEP with a new feature for Python, implementation change for CPython or interoperability standard for the ecosystem",Final
505,"Normative PEP with a new feature for Python, implementation change for CPython or interoperability standard for the ecosystem",Deferred
579,"Non-normative PEP containing background, guidelines or other information relevant to the Python ecosystem",Final
653,"Normative PEP with a new feature for Python, implementation change for CPython or interoperability standard for the ecosystem",Draft
405,"Normative PEP with a new feature for Python, implementation change for CPython or interoperability standard for the ecosystem",Final
234,"Normative PEP with a new feature for Python, implementation change for CPython or interoperability standard for the ecosystem",Final
450,"Normative PEP with a new feature for Python, implementation change for CPython or interoperability standard for the ecosystem",Final
463,"Normative PEP with a new feature for Python, implementation change for CPython or interoperability standard for the ecosystem",Rejected
3135,"Normative PEP with a new feature for Python, implementation change for CPython or interoperability standard for the ecosystem",Final
524,"Normative PEP with a new feature for Python, implementation change for CPython or interoperability standard for the ecosystem",Final
8104,"Non-normative PEP containing background, guidelines or other information relevant to the Python ecosystem",Active
457,"Non-normative PEP containing background, guidelines or other information relevant to the Python ecosystem",Final
2,"Normative PEP describing or proposing a change to a Python community process, workflow or governance",Active
348,"Normative PEP with a new feature for Python, implementation change for CPython or interoperability standard for the ecosystem",Rejected
259,"Normative PEP with a new feature for Python, implementation change for CPython or interoperability standard for the ecosystem",Rejected
655,"Normative PEP with a new feature for Python, implementation change for CPython or interoperability standard for the ecosystem",Accepted
727,"Normative PEP with a new feature for Python, implementation change for CPython or interoperability standard for the ecosystem",Draft
509,"Normative PEP with a new feature for Python, implementation change for CPython or interoperability standard for the ecosystem",Superseded
8,"Normative PEP describing or proposing a change to a Python community process, workflow or governance",Active
315,"Normative PEP with a new feature for Python, implementation change for CPython or interoperability standard for the ecosystem",Rejected
560,"Normative PEP with a new feature for Python, implementation change for CPython or interoperability standard for the ecosystem",Accepted
639,"Normative PEP with a new feature for Python, implementation change for CPython or interoperability standard for the ecosystem",Draft
283,"Non-normative PEP containing background, guidelines or other information relevant to the Python ecosystem",Final
562,"Normative PEP with a new feature for Python, implementation change for CPython or interoperability standard for the ecosystem",Final
276,"Normative PEP with a new feature for Python, implementation change for CPython or interoperability standard for the ecosystem",Rejected
659,"Non-normative PEP containing background, guidelines or other information relevant to the Python ecosystem",Draft
437,"Normative PEP with a new feature for Python, implementation change for CPython or interoperability standard for the ecosystem",Rejected
369,"Normative PEP with a new feature for Python, implementation change for CPython or interoperability standard for the ecosystem",Withdrawn
301,"Normative PEP with a new feature for Python, implementation change for CPython or interoperability standard for the ecosystem",Final
641,"Normative PEP with a new feature for Python, implementation change for CPython or interoperability standard for the ecosystem",Rejected
241,"Normative PEP with a new feature for Python, implementation change for CPython or interoperability standard for the ecosystem",Superseded
377,"Normative PEP with a new feature for Python, implementation change for CPython or interoperability standard for the ecosystem",Rejected
583,"Non-normative PEP containing background, guidelines or other information relevant to the Python ecosystem",Withdrawn
496,"Non-normative PEP containing background, guidelines or other information relevant to the Python ecosystem",Rejected
3121,"Normative PEP with a new feature for Python, implementation change for CPython or interoperability standard for the ecosystem",Final
222,"Normative PEP with a new feature for Python, implementation change for CPython or interoperability standard for the ecosystem",Deferred
574,"Normative PEP with a new feature for Python, implementation change for CPython or interoperability standard for the ecosystem",Final
608,"Normative PEP with a new feature for Python, implementation change for CPython or interoperability standard for the ecosystem",Rejected
734,"Normative PEP with a new feature for Python, implementation change for CPython or interoperability standard for the ecosystem",Draft
346,"Normative PEP with a new feature for Python, implementation change for CPython or interoperability standard for the ecosystem",Withdrawn
335,"Normative PEP with a new feature for Python, implementation change for CPython or interoperability standard for the ecosystem",Rejected
239,"Normative PEP with a new feature for Python, implementation change for CPython or interoperability standard for the ecosystem",Rejected
3000,"Normative PEP describing or proposing a change to a Python community process, workflow or governance",Final
230,"Normative PEP with a new feature for Python, implementation change for CPython or interoperability standard for the ecosystem",Final
516,"Normative PEP with a new feature for Python, implementation change for CPython or interoperability standard for the ecosystem",Rejected
438,"Normative PEP describing or proposing a change to a Python community process, workflow or governance",Superseded
3147,"Normative PEP with a new feature for Python, implementation change for CPython or interoperability standard for the ecosystem",Final
3156,"Normative PEP with a new feature for Python, implementation change for CPython or interoperability standard for the ecosystem",Final
701,"Normative PEP with a new feature for Python, implementation change for CPython or interoperability standard for the ecosystem",Accepted
3150,"Normative PEP with a new feature for Python, implementation change for CPython or interoperability standard for the ecosystem",Deferred
473,"Normative PEP with a new feature for Python, implementation change for CPython or interoperability standard for the ecosystem",Rejected
357,"Normative PEP with a new feature for Python, implementation change for CPython or interoperability standard for the ecosystem",Final
521,"Normative PEP with a new feature for Python, implementation change for CPython or interoperability standard for the ecosystem",Withdrawn
3104,"Normative PEP with a new feature for Python, implementation change for CPython or interoperability standard for the ecosystem",Final
570,"Normative PEP with a new feature for Python, implementation change for CPython or interoperability standard for the ecosystem",Final
517,"Normative PEP with a new feature for Python, implementation change for CPython or interoperability standard for the ecosystem",Final
629,"Normative PEP with a new feature for Python, implementation change for CPython or interoperability standard for the ecosystem",Final
721,"Normative PEP with a new feature for Python, implementation change for CPython or interoperability standard for the ecosystem",Final
654,"Normative PEP with a new feature for Python, implementation change for CPython or interoperability standard for the ecosystem",Final
703,"Normative PEP with a new feature for Python, implementation change for CPython or interoperability standard for the ecosystem",Accepted
722,"Normative PEP with a new feature for Python, implementation change for CPython or interoperability standard for the ecosystem",Rejected
512,"Normative PEP describing or proposing a change to a Python community process, workflow or governance",Final
386,"Normative PEP with a new feature for Python, implementation change for CPython or interoperability standard for the ecosystem",Superseded
536,"Normative PEP with a new feature for Python, implementation change for CPython or interoperability standard for the ecosystem",Withdrawn
290,"Non-normative PEP containing background, guidelines or other information relevant to the Python ecosystem",Active
443,"Normative PEP with a new feature for Python, implementation change for CPython or interoperability standard for the ecosystem",Final
8011,"Non-normative PEP containing background, guidelines or other information relevant to the Python ecosystem",Rejected
219,"Normative PEP with a new feature for Python, implementation change for CPython or interoperability standard for the ecosystem",Deferred
341,"Normative PEP with a new feature for Python, implementation change for CPython or interoperability standard for the ecosystem",Final
278,"Normative PEP with a new feature for Python, implementation change for CPython or interoperability standard for the ecosystem",Final
449,"Normative PEP describing or proposing a change to a Python community process, workflow or governance",Final
207,"Normative PEP with a new feature for Python, implementation change for CPython or interoperability standard for the ecosystem",Final
481,"Normative PEP describing or proposing a change to a Python community process, workflow or governance",Withdrawn
565,"Normative PEP with a new feature for Python, implementation change for CPython or interoperability standard for the ecosystem",Final
598,"Non-normative PEP containing background, guidelines or other information relevant to the Python ecosystem",Withdrawn
3101,"Normative PEP with a new feature for Python, implementation change for CPython or interoperability standard for the ecosystem",Final
3140,"Normative PEP with a new feature for Python, implementation change for CPython or interoperability standard for the ecosystem",Rejected
720,"Non-normative PEP containing background, guidelines or other information relevant to the Python ecosystem",Draft
263,"Normative PEP with a new feature for Python, implementation change for CPython or interoperability standard for the ecosystem",Final
621,"Normative PEP with a new feature for Python, implementation change for CPython or interoperability standard for the ecosystem",Final
402,"Normative PEP with a new feature for Python, implementation change for CPython or interoperability standard for the ecosystem",Rejected
266,"Normative PEP with a new feature for Python, implementation change for CPython or interoperability standard for the ecosystem",Withdrawn
445,"Normative PEP with a new feature for Python, implementation change for CPython or interoperability standard for the ecosystem",Final
312,"Normative PEP with a new feature for Python, implementation change for CPython or interoperability standard for the ecosystem",Deferred
11,"Normative PEP describing or proposing a change to a Python community process, workflow or governance",Active
359,"Normative PEP with a new feature for Python, implementation change for CPython or interoperability standard for the ecosystem",Withdrawn
539,"Normative PEP with a new feature for Python, implementation change for CPython or interoperability standard for the ecosystem",Final
573,"Normative PEP with a new feature for Python, implementation change for CPython or interoperability standard for the ecosystem",Final
280,"Normative PEP with a new feature for Python, implementation change for CPython or interoperability standard for the ecosystem",Deferred
160,"Non-normative PEP containing background, guidelines or other information relevant to the Python ecosystem",Final
321,"Normative PEP with a new feature for Python, implementation change for CPython or interoperability standard for the ecosystem",Withdrawn
380,"Normative PEP with a new feature for Python, implementation change for CPython or interoperability standard for the ecosystem",Final
470,"Normative PEP describing or proposing a change to a Python community process, workflow or governance",Final
373,"Non-normative PEP containing background, guidelines or other information relevant to the Python ecosystem",Final
8012,"Non-normative PEP containing background, guidelines or other information relevant to the Python ecosystem",Rejected
511,"Normative PEP with a new feature for Python, implementation change for CPython or interoperability standard for the ecosystem",Rejected
351,"Normative PEP with a new feature for Python, implementation change for CPython or interoperability standard for the ecosystem",Rejected
623,"Normative PEP with a new feature for Python, implementation change for CPython or interoperability standard for the ecosystem",Final
671,"Normative PEP with a new feature for Python, implementation change for CPython or interoperability standard for the ecosystem",Draft
488,"Normative PEP with a new feature for Python, implementation change for CPython or interoperability standard for the ecosystem",Final
537,"Non-normative PEP containing background, guidelines or other information relevant to the Python ecosystem",Final
427,"Normative PEP with a new feature for Python, implementation change for CPython or interoperability standard for the ecosystem",Final
714,"Normative PEP with a new feature for Python, implementation change for CPython or interoperability standard for the ecosystem",Accepted
8100,"Non-normative PEP containing background, guidelines or other information relevant to the Python ecosystem",Final
354,"Normative PEP with a new feature for Python, implementation change for CPython or interoperability standard for the ecosystem",Superseded
603,"Normative PEP with a new feature for Python, implementation change for CPython or interoperability standard for the ecosystem",Draft
678,"Normative PEP with a new feature for Python, implementation change for CPython or interoperability standard for the ecosystem",Final
477,"Normative PEP with a new feature for Python, implementation change for CPython or interoperability standard for the ecosystem",Final
365,"Normative PEP with a new feature for Python, implementation change for CPython or interoperability standard for the ecosystem",Rejected
3001,"Normative PEP describing or proposing a change to a Python community process, workflow or governance",Withdrawn
682,"Normative PEP with a new feature for Python, implementation change for CPython or interoperability standard for the ecosystem",Final
732,"Normative PEP describing or proposing a change to a Python community process, workflow or governance",Draft
563,"Normative PEP with a new feature for Python, implementation change for CPython or interoperability standard for the ecosystem",Accepted
3114,"Normative PEP with a new feature for Python, implementation change for CPython or interoperability standard for the ecosystem",Final
711,"Normative PEP with a new feature for Python, implementation change for CPython or interoperability standard for the ecosystem",Draft
